"0","chat <- chat_gemini()"
"2","[38;5;232mUsing [32mmodel[38;5;232m = [34m""gemini-2.0-flash""[38;5;232m.[39m"
"0","#Prompt"
"0","chat$chat(""Please tell me three jokes about data journalists. You can be mean if you want"")"
"1","Okay,"
"1"," "
"1","here"
"1"," "
"1","are"
"1"," "
"1","three"
"1"," "
"1","jokes"
"1"," "
"1","about"
"1"," "
"1","data"
"1"," "
"1","journalists,"
"1"," "
"1","with"
"1"," "
"1","varying"
"1"," "
"1","degrees"
"1"," "
"1","of"
"1"," "
"1","""mean-ness"":"
"1","
"
"1","
"
"1","1."
"1","  "
"1","Why"
"1"," "
"1","did"
"1"," "
"1","the"
"1"," "
"1","data"
"1"," "
"1","journalist"
"1"," "
"1","break"
"1"," "
"1","up"
"1"," "
"1","with"
"1"," "
"1","the"
"1"," "
"1","statistician?"
"1"," "
"1","Because"
"1"," "
"1","they"
"1"," "
"1","said"
"1"," "
"1","their"
"1"," "
"1","relationship"
"1"," "
"1","was"
"1"," "
"1","
"
"1","""trending"
"1"," "
"1","downwards"""
"1"," "
"1","and"
"1"," "
"1","the"
"1"," "
"1","journalist"
"1"," "
"1","couldn't"
"1"," "
"1","handle"
"1"," "
"1","the"
"1"," "
"1","lack"
"1"," "
"1","of"
"1"," "
"1","qualitative"
"1"," "
"1","detail."
"1","
"
"1","
"
"1","2."
"1","  "
"1","A"
"1"," "
"1","data"
"1"," "
"1","journalist"
"1"," "
"1","walks"
"1"," "
"1","into"
"1"," "
"1","a"
"1"," "
"1","bar."
"1"," "
"1","They"
"1"," "
"1","order"
"1"," "
"1","a"
"1"," "
"1","drink"
"1"," "
"1","and"
"1"," "
"1","immediately"
"1"," "
"1","start"
"1"," "
"1","asking"
"1"," "
"1","the"
"1"," "
"1","bartender"
"1"," "
"1","about"
"1"," "
"1","
"
"1","their"
"1"," "
"1","sample"
"1"," "
"1","size"
"1"," "
"1","and"
"1"," "
"1","margin"
"1"," "
"1","of"
"1"," "
"1","error."
"1"," "
"1","The"
"1"," "
"1","bartender"
"1"," "
"1","replies,"
"1"," "
"1","""Just"
"1"," "
"1","enjoy"
"1"," "
"1","your"
"1"," "
"1","drink,"
"1"," "
"1","buddy."
"1"," "
"1","Not"
"1"," "
"1","everything"
"1"," "
"1","
"
"1","needs"
"1"," "
"1","a"
"1"," "
"1","regression"
"1"," "
"1","analysis."""
"1","
"
"1","
"
"1","3."
"1","  "
"1","What's"
"1"," "
"1","the"
"1"," "
"1","difference"
"1"," "
"1","between"
"1"," "
"1","a"
"1"," "
"1","data"
"1"," "
"1","journalist"
"1"," "
"1","and"
"1"," "
"1","a"
"1"," "
"1","pizza?"
"1"," "
"1","A"
"1"," "
"1","pizza"
"1"," "
"1","can"
"1"," "
"1","feed"
"1"," "
"1","a"
"1"," "
"1","family"
"1"," "
"1","of"
"1"," "
"1","four."
"1","
"
"1","
"
