"0","textdata <- top_abort_urls %>% "
"0","  select(title, text, date_utc) %>% "
"0","  rename(doc_id = title) %>%"
"0","  as.data.frame()"
"0",""
"0","# load stopwords"
"0","english_stopwords <- readLines(""https://slcladal.github.io/resources/stopwords_en.txt"", encoding = ""UTF-8"")"
"0","# create corpus object"
"0","corpus <- Corpus(DataframeSource(textdata))"
"0","# Preprocessing chain"
"0","processedCorpus <- tm_map(corpus, content_transformer(tolower))"
"0","processedCorpus <- tm_map(processedCorpus, removeWords, english_stopwords)"
"0","processedCorpus <- tm_map(processedCorpus, removePunctuation, preserve_intra_word_dashes = TRUE)"
"0","processedCorpus <- tm_map(processedCorpus, removeNumbers)"
"0","processedCorpus <- tm_map(processedCorpus, stemDocument, language = ""en"")"
"0","processedCorpus <- tm_map(processedCorpus, stripWhitespace)"
"0",""
